timestamp,username,location,ip_address,port,protocol,login_status
2025-03-25 15:11:49.208604,test,"('Lake Lisa', 'Bhutan')",10.173.126.79,36747,HTTP,failure
2025-03-25 15:12:09.523510,parkerchristopher,"('West Robin', 'Greece')",10.173.126.79,1200,SSH,failure
2025-03-25 15:12:17.208604,lorettacarter,"('West Andrea', 'Djibouti')",142.150.72.217,19965,FTP,failure
2025-03-25 15:12:25.435738,lopezshannon,"('Courtneyshire', 'Vanuatu')",142.150.72.217,5368,FTP,failure
2025-03-25 15:12:27.431279,levinekenneth,"('Port Nicole', 'Vanuatu')",10.173.126.79,53775,HTTP,failure
2025-03-25 15:12:29.224769,user,"('West Mary', 'Antarctica (the territory South of 60 deg S)')",10.173.126.79,19118,FTP,failure
2025-03-25 15:12:29.362275,taracunningham,"('Martinside', 'Ukraine')",10.173.126.79,44594,FTP,failure
2025-03-25 15:12:40.315529,sydneyshaw,"('Kylefurt', 'Yemen')",142.150.72.217,31021,SSH,failure
2025-03-25 15:12:44.208604,michaelshelton,"('Wadefort', 'Cameroon')",179.254.168.88,64069,SSH,failure
2025-03-25 15:12:44.399944,markmendoza,"('Garymouth', 'Paraguay')",179.254.168.88,45324,SSH,failure
2025-03-25 15:12:46.098347,brent90,"('East Michael', 'Guam')",179.254.168.88,64918,HTTPS,failure
2025-03-25 15:12:47.554304,eduardo58,"('Ballfort', ""Cote d'Ivoire"")",179.254.168.88,31307,SSH,failure
2025-03-25 15:12:51.270867,admin,"('West Jose', 'North Macedonia')",142.150.72.217,4767,FTP,failure
2025-03-25 15:12:52.623332,vjenkins,"('South Theodore', 'Dominican Republic')",142.150.72.217,36824,HTTPS,failure
2025-03-25 15:13:02.633597,root,"('New Jameshaven', 'Western Sahara')",142.150.72.217,41777,HTTPS,failure
2025-03-25 15:13:13.921296,shawna46,"('Rodriguezfort', 'Jamaica')",142.150.72.217,38171,HTTPS,failure
2025-03-25 15:13:14.208604,scuevas,"('Figueroaborough', 'Cameroon')",116.246.38.57,5697,FTP,failure
2025-03-25 15:13:14.770930,admin,"('Brighttown', 'Czech Republic')",222.201.104.44,45119,FTP,failure
2025-03-25 15:13:15.595527,mwiggins,"('Granthaven', 'Sweden')",142.150.72.217,42986,HTTP,failure
2025-03-25 15:13:19.726152,user,"('Lake Joseph', 'El Salvador')",116.246.38.57,61733,HTTP,failure
2025-03-25 15:13:21.525184,xnelson,"('East Taylor', 'Central African Republic')",142.150.72.217,2036,SSH,failure
2025-03-25 15:13:23.080700,elizabeth56,"('Danielton', 'France')",222.201.104.44,2246,HTTPS,failure
2025-03-25 15:13:24.507870,alexanderlynn,"('Kellihaven', 'Uganda')",116.246.38.57,28180,HTTP,failure
2025-03-25 15:13:25.313022,dorothywillis,"('Port Christopher', 'Eritrea')",222.201.104.44,27083,HTTPS,failure
2025-03-25 15:13:28.969033,zbernard,"('Lake Ronaldburgh', 'French Southern Territories')",116.246.38.57,52389,SSH,failure
2025-03-25 15:13:29.553074,astewart,"('West Timothy', 'Sudan')",222.201.104.44,58892,HTTP,failure
2025-03-25 15:13:32.227499,sbarton,"('Port Micheal', 'Northern Mariana Islands')",116.246.38.57,37481,HTTP,failure
2025-03-25 15:13:36.123805,ecarroll,"('North Juanland', 'Martinique')",222.201.104.44,6060,HTTPS,failure
2025-03-25 15:14:05.595849,ywise,"('Mooreton', 'Dominica')",142.150.72.217,36410,SSH,failure
2025-03-25 15:14:38.208604,craig72,"('South Vickifort', 'Bolivia')",88.158.106.92,10592,SSH,failure
2025-03-25 15:15:18.208604,admin,"('Lewisborough', 'Suriname')",79.226.27.242,5414,HTTPS,failure
2025-03-25 15:15:19.662756,user,"('East Lauraville', 'Central African Republic')",79.226.27.242,5344,FTP,failure
2025-03-25 15:16:40.208604,robertsonandrea,"('New Cynthia', 'El Salvador')",208.40.233.54,12758,HTTP,failure
2025-03-25 15:16:42.565837,admin,"('Lake Christopher', 'Cocos (Keeling) Islands')",208.40.233.54,8852,HTTPS,failure
2025-03-25 15:17:08.670344,susannash,"('South Tammytown', 'United States of America')",79.226.27.242,17664,FTP,failure
2025-03-25 15:17:40.208604,root,"('North Kristenshire', 'Antigua and Barbuda')",148.164.207.70,25795,HTTPS,failure
2025-03-25 15:17:41.382720,samantha96,"('Annefort', 'Eritrea')",162.90.120.24,27888,SSH,failure
2025-03-25 15:17:44.335931,alejandrocrawford,"('Stewartport', 'Bangladesh')",148.164.207.70,53612,SSH,failure
2025-03-25 15:17:47.974386,admin,"('North Kyleborough', 'Malawi')",162.90.120.24,54180,HTTPS,failure
2025-03-25 15:17:51.895896,allisonowens,"('Tinafort', 'Cape Verde')",148.164.207.70,32218,HTTP,failure
2025-03-25 15:17:53.200042,amymitchell,"('Webbstad', 'Saint Lucia')",162.90.120.24,16193,FTP,failure
2025-03-25 15:17:53.589461,craigsalinas,"('Allenbury', 'Czech Republic')",148.164.207.70,52829,FTP,failure
2025-03-25 15:17:58.161360,pfitzgerald,"('Julietown', 'Comoros')",162.90.120.24,18420,FTP,failure
2025-03-25 15:18:01.417640,wheelerbrian,"('Garrettside', 'South Africa')",148.164.207.70,19140,HTTP,failure
2025-03-25 15:18:04.571786,egarcia,"('Ashleyberg', 'French Guiana')",162.90.120.24,7039,HTTPS,failure
2025-03-25 15:18:24.112951,ysullivan,"('North Charles', 'Burkina Faso')",208.40.233.54,34707,HTTP,failure
2025-03-25 15:18:24.184231,juarezelizabeth,"('Perezport', 'Mauritania')",208.40.233.54,61494,FTP,failure
2025-03-25 15:18:51.208604,brandonwilliams,"('West Jamesshire', 'Comoros')",93.69.209.10,54266,HTTP,failure
2025-03-25 15:18:51.404201,michaelsmith,"('Ruizton', 'Liberia')",119.70.44.21,1867,FTP,failure
2025-03-25 15:18:53.638048,daniel18,"('Port Rodneyfurt', 'Western Sahara')",93.69.209.10,61690,SSH,failure
2025-03-25 15:18:54.264440,qhernandez,"('Williamside', 'Georgia')",119.70.44.21,62790,FTP,failure
2025-03-25 15:18:57.821313,stacey32,"('West Christopher', 'Niue')",93.69.209.10,21049,HTTP,failure
2025-03-25 15:19:02.206845,villegasangela,"('Port Thomastown', 'Thailand')",119.70.44.21,4399,HTTPS,failure
2025-03-25 15:19:02.611410,admin,"('Kelliview', 'Turks and Caicos Islands')",93.69.209.10,4869,FTP,failure
2025-03-25 15:19:05.160450,vincentrichard,"('Chadville', 'Comoros')",119.70.44.21,65357,HTTPS,failure
2025-03-25 15:19:05.348121,melindadavis,"('East Danieltown', 'Israel')",93.69.209.10,27723,HTTPS,failure
2025-03-25 15:19:05.675578,jvalentine,"('Rhodesport', 'United States Virgin Islands')",119.70.44.21,38222,SSH,failure
2025-03-25 15:23:25.208604,cindybarton,"('Gabriellechester', 'New Caledonia')",74.18.58.5,61208,SSH,failure
2025-03-25 15:23:29.905981,paynejanice,"('Dylanburgh', 'Western Sahara')",91.133.175.12,45113,HTTPS,failure
2025-03-25 15:23:33.708743,jessepearson,"('Hardyhaven', 'Mayotte')",74.18.58.5,43604,SSH,failure
2025-03-25 15:23:35.291226,meredithnichols,"('Antoniotown', 'French Guiana')",91.133.175.12,7579,HTTPS,failure
2025-03-25 15:23:38.211509,donald29,"('South Jennifer', 'Samoa')",74.18.58.5,53347,HTTPS,failure
2025-03-25 15:23:42.262804,vcochran,"('New William', 'San Marino')",91.133.175.12,59313,HTTP,failure
2025-03-25 15:23:45.722754,user,"('North Anthony', 'Kazakhstan')",74.18.58.5,60700,HTTPS,failure
2025-03-25 15:23:46.509710,miguelbaker,"('Colonton', 'Ukraine')",91.133.175.12,26943,HTTP,failure
2025-03-25 15:23:47.981064,andersonmelissa,"('South Danielstad', 'Seychelles')",74.18.58.5,24271,FTP,failure
2025-03-25 15:23:48.704718,laurawhite,"('North Bruce', 'Zambia')",91.133.175.12,4278,FTP,failure
2025-03-25 15:25:49.208604,mackbrittany,"('Port Samanthaborough', 'Vanuatu')",119.67.245.206,48665,SSH,failure
2025-03-25 15:26:01.613826,shannon67,"('Kimberlyland', 'Belarus')",119.67.245.206,17837,HTTP,failure
2025-03-25 15:26:30.030790,madison92,"('Ashleyburgh', 'Afghanistan')",119.67.245.206,12523,SSH,failure
2025-03-25 15:28:40.208604,paula65,"('New Randy', 'Singapore')",99.90.103.142,16518,SSH,failure
2025-03-25 15:30:01.208604,ccooper,"('South Chadchester', 'Slovakia (Slovak Republic)')",189.34.177.213,56108,FTP,failure
2025-03-25 15:30:02.885337,admin,"('Millerton', 'Turkey')",30.185.75.45,36127,SSH,failure
2025-03-25 15:30:05.389247,yhuffman,"('Melaniefort', 'Nicaragua')",82.239.103.231,16312,SSH,failure
2025-03-25 15:30:07.058778,jasonevans,"('West Jimmy', 'Nepal')",189.34.177.213,429,FTP,failure
2025-03-25 15:30:09.390135,hsoto,"('West Michael', 'Switzerland')",30.185.75.45,7219,HTTP,failure
2025-03-25 15:30:12.270602,dhancock,"('West Caitlin', 'Samoa')",82.239.103.231,19717,SSH,failure
2025-03-25 15:30:15.251084,christopherhamilton,"('North Samuelbury', 'Iraq')",189.34.177.213,64015,SSH,failure
2025-03-25 15:30:18.554832,jenniferkaufman,"('Paigestad', 'Oman')",30.185.75.45,9946,FTP,failure
2025-03-25 15:30:20.830721,andersondenise,"('South Rebekah', 'Turks and Caicos Islands')",82.239.103.231,46643,HTTP,failure
2025-03-25 15:30:23.080358,heatherreid,"('North Tiffanyburgh', 'Tunisia')",189.34.177.213,8557,HTTPS,failure
2025-03-25 15:31:15.208604,helen80,"('Browningmouth', 'United States Virgin Islands')",108.243.212.170,65373,SSH,failure
2025-03-25 15:31:16.129544,jordanlisa,"('Lake Jacobland', 'Luxembourg')",108.243.212.170,63885,SSH,failure
2025-03-25 15:31:16.514373,robertsanchez,"('Timothyfort', 'Micronesia')",108.243.212.170,37093,SSH,failure
2025-03-25 15:31:17.573277,jean55,"('East Thomasland', 'Armenia')",108.243.212.170,61822,HTTPS,failure
2025-03-25 15:31:18.208604,jessicabrock,"('Angelamouth', 'San Marino')",188.197.214.211,57836,HTTPS,failure
2025-03-25 15:31:26.475151,nathanmartinez,"('East Robertmouth', 'Bosnia and Herzegovina')",188.197.214.211,38434,HTTP,failure
2025-03-25 15:31:26.798377,gfrank,"('West Brianville', 'Micronesia')",188.197.214.211,23503,FTP,failure
2025-03-25 15:31:28.044931,carla19,"('West Billyfurt', 'Lithuania')",188.197.214.211,47922,SSH,failure
2025-03-25 15:31:28.188200,clarkronnie,"('Lake Brittney', 'Turkmenistan')",188.197.214.211,58774,HTTP,failure
2025-03-25 15:31:35.208604,lporter,"('Nicholaschester', 'Nauru')",125.5.40.237,26274,HTTPS,failure
2025-03-25 15:31:43.174506,adamsmichael,"('Austinshire', 'Denmark')",125.5.40.237,1949,FTP,failure
2025-03-25 15:31:49.745528,crystal06,"('Griffinview', 'Wallis and Futuna')",108.243.212.170,52465,HTTP,failure
2025-03-25 15:31:57.663108,douglasnelson,"('Leetown', 'Andorra')",188.197.214.211,4800,SSH,failure
2025-03-25 15:31:59.426355,slopez,"('South Emilyhaven', 'Myanmar')",188.197.214.211,46179,FTP,failure
2025-03-25 15:32:18.208604,neilcook,"('Michellestad', 'Paraguay')",93.107.250.179,37678,HTTPS,failure
2025-03-25 15:32:21.164512,gutierrezchristopher,"('New Christopherchester', 'Mauritania')",17.211.253.16,4164,FTP,failure
2025-03-25 15:32:22.490632,whitealisha,"('Holtfort', 'Congo')",195.122.90.119,10484,HTTPS,failure
2025-03-25 15:32:26.597428,wilsonkenneth,"('South Jameston', 'South Georgia and the South Sandwich Islands')",93.107.250.179,50113,FTP,failure
2025-03-25 15:32:29.276270,vcombs,"('New Adam', 'Bangladesh')",17.211.253.16,1485,SSH,failure
2025-03-25 15:32:32.208604,robert88,"('West Johnside', 'Rwanda')",129.3.102.81,60618,HTTPS,failure
2025-03-25 15:32:32.934995,wwagner,"('Claireshire', 'Niue')",195.122.90.119,60489,HTTP,failure
2025-03-25 15:32:37.886365,heatherdavis,"('South Kellyhaven', 'Guam')",93.107.250.179,44313,HTTPS,failure
2025-03-25 15:32:41.223817,cummingskristen,"('Teresaville', 'Congo')",17.211.253.16,10337,SSH,failure
2025-03-25 15:32:41.442747,root,"('South Jennifer', 'Denmark')",195.122.90.119,63407,HTTP,failure
2025-03-25 15:32:41.678916,sarah42,"('Dianetown', 'Aruba')",93.107.250.179,47179,FTP,failure
2025-03-25 15:32:50.771797,qodonnell,"('Antoniochester', 'Bahamas')",125.5.40.237,21256,HTTPS,failure
2025-03-25 15:33:10.008124,zgregory,"('Gonzalezbury', 'Algeria')",125.5.40.237,19743,HTTP,failure
2025-03-25 15:33:23.208604,lbrown,"('Michealbury', 'Indonesia')",150.161.15.214,10575,FTP,failure
2025-03-25 15:33:42.208604,smithmartha,"('Hughesberg', 'British Indian Ocean Territory (Chagos Archipelago)')",14.56.136.57,14401,HTTP,failure
2025-03-25 15:33:59.097518,klineelizabeth,"('Robertsonfort', 'Tanzania')",14.56.136.57,18982,SSH,failure
2025-03-25 15:34:09.208604,olivererica,"('West Anthony', 'Romania')",7.151.204.159,29077,HTTPS,failure
2025-03-25 15:34:10.858094,jmendez,"('New Timothystad', 'American Samoa')",7.151.204.159,63408,HTTPS,failure
2025-03-25 15:34:14.870931,youngabigail,"('South Daniel', 'Fiji')",150.161.15.214,11903,FTP,failure
2025-03-25 15:34:34.577013,henry39,"('Mcbrideland', 'Christmas Island')",150.161.15.214,22709,HTTP,failure
2025-03-25 15:34:34.712416,bgarcia,"('Williamton', 'Botswana')",150.161.15.214,43871,HTTP,failure
2025-03-25 15:34:39.261285,test,"('Christopherside', 'Faroe Islands')",150.161.15.214,22901,HTTPS,failure
2025-03-25 15:34:41.817186,root,"('Lake Kentview', 'Cyprus')",150.161.15.214,12952,HTTP,failure
2025-03-25 15:35:33.208604,melindawilliams,"('West James', 'Rwanda')",94.248.175.135,3776,FTP,failure
2025-03-25 15:35:41.159357,hvalencia,"('Jonesborough', 'Cambodia')",94.248.175.135,53406,HTTPS,failure
2025-03-25 15:35:55.208604,petersenolivia,"('South Sarah', 'San Marino')",83.236.219.220,1125,HTTPS,failure
2025-03-25 15:35:57.247683,michael82,"('South Ralphview', 'Qatar')",83.236.219.220,33276,SSH,failure
2025-03-25 15:35:57.601927,upeterson,"('East Samantha', 'Tanzania')",83.236.219.220,50834,HTTP,failure
2025-03-25 15:37:06.600648,jonathan90,"('Juanville', 'United States of America')",129.3.102.81,2929,SSH,failure
2025-03-25 15:37:10.553965,caitlinbaker,"('Rebeccashire', 'Niue')",129.3.102.81,48842,HTTPS,failure
2025-03-25 15:37:12.208604,dmartin,"('Lake Melanieton', 'Kyrgyz Republic')",106.16.183.169,57965,HTTPS,failure
2025-03-25 15:37:20.659010,williamsmichelle,"('East Debra', 'Christmas Island')",106.16.183.169,61260,HTTP,failure
2025-03-25 15:37:32.208604,thompsonkent,"('Aguilartown', 'Palestinian Territory')",131.55.215.143,39901,FTP,failure
2025-03-25 15:38:20.208604,patelkimberly,"('East Davidfort', 'Korea')",57.236.146.19,34919,SSH,failure
2025-03-25 15:38:24.220753,tylersalinas,"('New Brandonstad', 'China')",139.146.239.187,31561,SSH,failure
2025-03-25 15:38:25.791443,webbdouglas,"('Armstrongbury', 'Turkmenistan')",178.160.14.62,30184,HTTP,failure
2025-03-25 15:38:30.325074,brian08,"('Jonesport', 'Finland')",175.165.203.228,42557,FTP,failure
2025-03-25 15:38:30.853825,root,"('Lake Michaelberg', 'Jordan')",40.166.62.22,49764,FTP,failure
2025-03-25 15:38:32.438880,qblack,"('Lake Andrewland', 'Wallis and Futuna')",57.236.146.19,40613,FTP,failure
2025-03-25 15:38:34.883849,tnorman,"('Taylormouth', 'Svalbard & Jan Mayen Islands')",139.146.239.187,54400,HTTP,failure
2025-03-25 15:38:37.813126,marksutton,"('Jamesfurt', 'Liberia')",178.160.14.62,10940,HTTP,failure
2025-03-25 15:38:40.197449,test,"('Meaganview', 'Eritrea')",175.165.203.228,31740,FTP,failure
2025-03-25 15:38:42.374046,achristian,"('West Destiny', 'French Southern Territories')",106.16.183.169,46803,HTTP,failure
2025-03-25 15:38:44.137240,root,"('Justinfurt', 'Jamaica')",40.166.62.22,21440,FTP,failure
2025-03-25 15:38:44.372373,kempterry,"('Mcmahonberg', 'Moldova')",106.16.183.169,33852,SSH,failure
2025-03-25 15:38:45.250870,julian84,"('Port Ethanside', 'Colombia')",106.16.183.169,53077,FTP,failure
2025-03-25 15:38:45.671510,jameshart,"('Port Duane', 'Bosnia and Herzegovina')",106.16.183.169,48567,FTP,failure
2025-03-25 15:38:59.683762,kathryn43,"('North Jacqueline', 'Tanzania')",106.16.183.169,60272,SSH,failure
2025-03-25 15:39:26.208604,carolynwallace,"('South Coryfort', 'Norway')",63.108.170.148,26331,SSH,failure
2025-03-25 15:39:29.053165,gregory61,"('Krystalbury', ""Lao People's Democratic Republic"")",142.204.11.183,8932,HTTP,failure
2025-03-25 15:39:31.411433,test,"('Port Judithside', 'Denmark')",106.16.183.169,12312,SSH,failure
2025-03-25 15:39:31.707950,kelleyrobert,"('West Alexandraport', 'Honduras')",63.108.170.148,22634,FTP,failure
2025-03-25 15:39:34.906476,benjamin00,"('Margaretfurt', 'Reunion')",142.204.11.183,50763,HTTPS,failure
2025-03-25 15:39:38.017655,user,"('Ianbury', 'Malawi')",106.16.183.169,15556,HTTP,failure
2025-03-25 15:39:38.835353,nharding,"('Ortizchester', 'Chad')",63.108.170.148,2742,HTTP,failure
2025-03-25 15:39:43.784648,rphillips,"('Lake Nathan', 'British Virgin Islands')",142.204.11.183,679,HTTPS,failure
2025-03-25 15:39:44.305595,test,"('Whitemouth', 'Solomon Islands')",106.16.183.169,44739,FTP,failure
2025-03-25 15:39:44.778711,ghansen,"('New John', 'Mauritius')",63.108.170.148,27298,SSH,failure
2025-03-25 15:39:45.176405,root,"('Jacobview', 'Wallis and Futuna')",142.204.11.183,29367,HTTPS,failure
2025-03-25 15:39:47.163516,root,"('Coltonburgh', 'Honduras')",63.108.170.148,62950,SSH,failure
2025-03-25 15:39:51.561125,lopezjanice,"('West Tammy', 'United States of America')",142.204.11.183,15320,SSH,failure
2025-03-25 15:40:06.208604,jacksonjonathan,"('North Daniel', 'New Caledonia')",195.231.21.248,57138,SSH,failure
2025-03-25 15:40:06.877117,user,"('Lake Jacqueline', 'Gibraltar')",195.231.21.248,16926,SSH,failure
2025-03-25 15:40:41.064741,yritter,"('Susanshire', 'El Salvador')",131.55.215.143,51496,HTTP,failure
2025-03-25 15:40:42.408633,wilkinslauren,"('Webbton', 'Saint Lucia')",131.55.215.143,4970,HTTP,failure
2025-03-25 15:40:48.454014,nobleandrew,"('Lake Kimberly', 'South Africa')",195.231.21.248,53926,HTTPS,failure
2025-03-25 15:41:00.208604,test,"('New Ashley', 'Saint Vincent and the Grenadines')",152.29.146.92,5366,HTTPS,failure
2025-03-25 15:41:01.682750,christophermitchell,"('Davishaven', 'India')",16.57.248.67,58146,HTTPS,failure
2025-03-25 15:41:05.170552,fmiles,"('Lake Adam', 'Western Sahara')",149.12.0.102,10238,HTTPS,failure
2025-03-25 15:41:06.164332,tparrish,"('Nelsontown', 'Croatia')",213.16.2.121,50063,FTP,failure
2025-03-25 15:41:10.120425,ralph26,"('New Brandontown', 'Spain')",222.50.104.9,17276,SSH,failure
2025-03-25 15:41:13.094867,otownsend,"('Stephenport', 'Austria')",152.29.146.92,29874,FTP,failure
2025-03-25 15:41:13.394873,admin,"('Adrianabury', 'Peru')",16.57.248.67,36996,HTTPS,failure
2025-03-25 15:41:17.000288,scott08,"('Murphyberg', 'Luxembourg')",149.12.0.102,41962,HTTP,failure
2025-03-25 15:41:17.674884,urichards,"('East Judithchester', 'United Arab Emirates')",213.16.2.121,58246,SSH,failure
2025-03-25 15:41:18.791173,haynesmarc,"('Simonberg', 'Ireland')",222.50.104.9,21713,HTTPS,failure
2025-03-25 15:41:47.208604,yterry,"('South Janet', 'Namibia')",21.170.155.121,63142,HTTP,failure
2025-03-25 15:41:50.997074,madelinethomas,"('South Heidi', 'Portugal')",195.231.21.248,9007,FTP,failure
2025-03-25 15:41:52.360777,joan09,"('Mcdanielville', 'Canada')",195.231.21.248,14774,HTTP,failure
2025-03-25 15:41:55.169386,fhowell,"('Jessicachester', 'Cape Verde')",21.170.155.121,4719,SSH,failure
2025-03-25 15:41:55.481418,michaelburns,"('Mollyshire', 'Falkland Islands (Malvinas)')",21.170.155.121,47546,HTTP,failure
2025-03-25 15:42:14.208604,april46,"('Martinezchester', 'Rwanda')",73.240.21.66,17914,HTTPS,failure
2025-03-25 15:42:38.208604,user,"('Lake James', 'Bouvet Island (Bouvetoya)')",121.44.175.95,32286,SSH,failure
2025-03-25 15:42:39.042790,jodi57,"('Davidmouth', 'Djibouti')",195.231.21.248,61820,FTP,failure
2025-03-25 15:42:39.509671,pughcarolyn,"('West Anna', 'Guadeloupe')",195.231.21.248,20834,HTTP,failure
2025-03-25 15:42:41.972134,annesimpson,"('Robertville', 'Saint Kitts and Nevis')",145.130.118.106,11918,FTP,failure
2025-03-25 15:42:42.499727,sanchezjudith,"('Newtontown', 'Swaziland')",99.252.24.244,45946,HTTP,failure
2025-03-25 15:42:42.688661,leesean,"('East Kevinborough', 'Central African Republic')",195.231.21.248,59224,FTP,failure
2025-03-25 15:42:47.143237,kimmiles,"('Donaldfort', 'Azerbaijan')",110.157.145.144,52941,FTP,failure
2025-03-25 15:42:50.249967,test,"('Edwardsfort', 'Sudan')",121.44.175.95,3575,HTTP,failure
2025-03-25 15:42:52.520450,root,"('Port Rachelfurt', 'Venezuela')",145.130.118.106,155,SSH,failure
2025-03-25 15:42:55.539537,moorestephanie,"('East Jennifer', 'Mayotte')",99.252.24.244,3420,HTTPS,failure
2025-03-25 15:42:55.999364,lyoder,"('Chaneyborough', 'Guinea-Bissau')",110.157.145.144,38740,SSH,failure
2025-03-25 15:42:58.382607,riversdenise,"('Sarahchester', 'Korea')",121.44.175.95,50368,FTP,failure
2025-03-25 15:42:59.050978,evanwarren,"('Johnsonhaven', 'Slovenia')",145.130.118.106,41179,FTP,failure
2025-03-25 15:46:11.208604,dennis75,"('West Elizabeth', 'Finland')",31.110.243.23,2499,HTTPS,failure
2025-03-25 15:46:18.125546,inelson,"('East Breanna', 'Saint Lucia')",31.110.243.23,21484,SSH,failure
2025-03-25 15:46:18.404932,katherinecox,"('Schmidtport', 'Fiji')",31.110.243.23,37876,HTTPS,failure
2025-03-25 15:46:18.634755,michaelcox,"('Christopherland', 'Turks and Caicos Islands')",31.110.243.23,8875,FTP,failure
2025-03-25 15:46:19.526301,mauricesmith,"('Port Williamhaven', 'Jordan')",31.110.243.23,53752,SSH,failure
2025-03-25 15:47:09.208604,user,"('Port Carlosville', 'Norfolk Island')",201.31.20.87,47873,HTTPS,failure
2025-03-25 15:47:13.603907,michael59,"('Juliefort', 'United Kingdom')",121.185.102.229,47777,HTTPS,failure
2025-03-25 15:47:15.076343,brad06,"('West Katelynland', 'Thailand')",192.207.171.145,9600,HTTP,failure
2025-03-25 15:47:18.420035,holly14,"('Mooreview', 'Luxembourg')",82.34.253.205,61347,HTTPS,failure
2025-03-25 15:47:19.612788,admin,"('Davidberg', 'Paraguay')",201.31.20.87,16991,SSH,failure
2025-03-25 15:47:22.513685,admin,"('East Crystal', 'Israel')",121.185.102.229,29865,HTTP,failure
2025-03-25 15:47:25.676354,andreastone,"('Johnsonshire', 'Equatorial Guinea')",192.207.171.145,34486,SSH,failure
2025-03-25 15:47:29.117067,robertrosales,"('Adamtown', 'Guinea')",82.34.253.205,53875,FTP,failure
2025-03-25 15:47:32.785158,darleneperry,"('Millermouth', 'Saint Martin')",201.31.20.87,21767,SSH,failure
2025-03-25 15:47:36.731213,tbarnes,"('Markbury', 'Czech Republic')",121.185.102.229,21750,SSH,failure
2025-03-25 15:47:54.208604,joseph81,"('Gamblemouth', 'Philippines')",136.141.160.197,2113,SSH,failure
2025-03-25 15:49:44.968920,kenneth75,"('South Jonathanview', 'Turks and Caicos Islands')",136.141.160.197,43018,SSH,failure
2025-03-25 15:50:23.173156,elam,"('Jasonmouth', 'Cuba')",136.141.160.197,44651,HTTP,failure
2025-03-25 15:50:38.230485,user,"('Edwardsborough', 'Cameroon')",136.141.160.197,53647,HTTP,failure
2025-03-25 15:50:39.939673,keithreid,"('South Jesse', 'Palestinian Territory')",136.141.160.197,33212,SSH,failure
2025-03-25 15:51:20.208604,elizabethgonzales,"('New Jeffrey', 'Cape Verde')",135.150.167.109,36447,FTP,failure
2025-03-25 15:51:46.868056,davidmiller,"('East John', 'Japan')",135.150.167.109,27089,HTTP,failure
2025-03-25 15:51:49.778507,root,"('Krystalland', 'Uruguay')",135.150.167.109,46295,SSH,failure
2025-03-25 15:51:51.208604,ataylor,"('Donaldport', 'Western Sahara')",7.114.6.233,25616,HTTP,failure
2025-03-25 15:51:55.244955,alvarezbilly,"('Justinview', 'Eritrea')",88.216.110.124,37492,HTTPS,failure
2025-03-25 15:51:56.686682,christophergoodwin,"('Michelleburgh', 'Kuwait')",135.150.167.109,677,FTP,failure
2025-03-25 15:51:58.053588,brittany06,"('Lake Lauren', 'Lithuania')",167.211.92.45,22453,HTTPS,failure
2025-03-25 15:51:59.722841,user,"('South Nathanielhaven', 'China')",7.114.6.233,47189,SSH,failure
2025-03-25 15:52:04.218546,leslie19,"('New Rodney', 'Jersey')",88.216.110.124,30165,HTTP,failure
2025-03-25 15:52:07.711601,jessica78,"('Lake Christine', 'Marshall Islands')",167.211.92.45,29249,FTP,failure
2025-03-25 15:52:09.647095,bholmes,"('Lake Stacy', 'Svalbard & Jan Mayen Islands')",7.114.6.233,4759,HTTPS,failure
2025-03-25 15:52:10.554092,garrettwalls,"('New Marioport', 'Kazakhstan')",88.216.110.124,63727,SSH,failure
2025-03-25 15:52:12.273845,admin,"('New Melissaborough', 'Congo')",167.211.92.45,61377,SSH,failure
2025-03-25 15:52:15.398282,tina59,"('South Dennis', 'Niger')",7.114.6.233,48923,HTTP,failure
2025-03-25 15:53:55.208604,sandovalkaren,"('Youngmouth', 'Western Sahara')",122.197.156.45,63162,HTTP,failure
2025-03-25 15:54:00.009329,matthewmatthews,"('Fischerport', 'Senegal')",98.162.162.132,31707,SSH,failure
2025-03-25 15:54:04.433551,admin,"('East Evelyn', 'Montenegro')",122.197.156.45,37828,HTTPS,failure
2025-03-25 15:54:06.150779,martin73,"('Maryberg', 'Montenegro')",98.162.162.132,7086,HTTP,failure
2025-03-25 15:54:09.332870,user,"('Jonathanfort', 'Guernsey')",122.197.156.45,55051,FTP,failure
2025-03-25 15:54:13.596577,andrew84,"('North Lindafurt', 'Comoros')",98.162.162.132,20449,HTTPS,failure
2025-03-25 15:54:16.208604,matthew44,"('Marychester', 'Egypt')",96.230.230.3,55107,HTTPS,failure
2025-03-25 15:54:18.589404,belljohn,"('Port Heather', 'Zambia')",122.197.156.45,54353,HTTP,failure
2025-03-25 15:54:20.208604,user,"('Mayfurt', 'Maldives')",42.194.72.91,14995,FTP,failure
2025-03-25 15:54:21.076182,timothy63,"('East Manuel', 'Nigeria')",39.62.6.18,38954,SSH,failure
2025-03-25 15:54:22.338813,user,"('Hillville', 'Uganda')",98.162.162.132,12732,FTP,failure
2025-03-25 15:54:22.882995,williamsandrea,"('Hornburgh', 'Benin')",73.104.246.252,64517,SSH,failure
2025-03-25 15:54:23.971928,watsonjonathan,"('Collinsborough', 'Nicaragua')",122.197.156.45,51603,HTTP,failure
2025-03-25 15:54:27.330920,prestonchristopher,"('North Heatherland', 'Japan')",194.68.154.68,23589,HTTP,failure
2025-03-25 15:54:27.338931,jordan19,"('Burgesschester', 'Bolivia')",42.194.72.91,50543,FTP,failure
2025-03-25 15:54:27.894504,user,"('Port Morgan', 'American Samoa')",42.194.72.91,6657,FTP,failure
2025-03-25 15:54:28.290336,caitlinball,"('Lisashire', 'Grenada')",98.162.162.132,8634,SSH,failure
2025-03-25 15:54:29.685230,test,"('North Karenstad', 'Bahamas')",113.242.170.20,61197,SSH,failure
2025-03-25 15:54:30.250961,test,"('Port Davidton', 'Uruguay')",96.230.230.3,44685,FTP,failure
2025-03-25 15:54:34.264472,sbailey,"('Christinefort', 'Puerto Rico')",39.62.6.18,35152,HTTP,failure
2025-03-25 15:54:38.095038,user,"('South Paigeton', 'Syrian Arab Republic')",73.104.246.252,10197,FTP,failure
2025-03-25 15:54:40.060046,zknight,"('Martinbury', 'Liechtenstein')",194.68.154.68,52627,HTTP,failure
2025-03-25 15:54:41.845636,user,"('East Ashley', 'Senegal')",113.242.170.20,21690,HTTPS,failure
2025-03-25 15:54:44.208604,jenniferclark,"('Hillchester', 'Uganda')",180.227.183.175,22528,HTTP,failure
2025-03-25 15:54:44.434509,igreene,"('Howardport', 'Myanmar')",180.227.183.175,32066,HTTPS,failure
2025-03-25 15:54:45.503639,martinian,"('Gillton', 'Malawi')",180.227.183.175,52793,HTTP,failure
2025-03-25 15:54:54.996867,jjohnson,"('Samuelview', 'Mongolia')",180.227.183.175,24546,FTP,failure
2025-03-25 15:55:44.633529,admin,"('Bestbury', 'Bahamas')",135.150.167.109,61599,SSH,failure
2025-03-25 15:55:45.782384,hwashington,"('Jeffreyland', 'Iceland')",135.150.167.109,30086,SSH,failure
2025-03-25 15:55:56.208604,iholmes,"('New Terry', 'Guinea-Bissau')",62.32.21.157,38258,HTTP,failure
2025-03-25 15:55:57.368267,reginabrown,"('Lopezview', 'Sao Tome and Principe')",197.40.198.55,18638,FTP,failure
2025-03-25 15:56:00.208604,longjohn,"('Joelfurt', 'Saint Kitts and Nevis')",160.44.180.5,9488,HTTPS,failure
2025-03-25 15:56:02.115029,david61,"('Whitneyfort', 'Yemen')",165.245.132.168,63634,SSH,failure
2025-03-25 15:56:07.054429,james45,"('Smithchester', 'Costa Rica')",62.32.21.157,58467,SSH,failure
2025-03-25 15:56:09.410067,pagerobert,"('Port Davidland', 'Kiribati')",197.40.198.55,14833,SSH,failure
2025-03-25 15:56:09.881649,lindseyjoshua,"('East Mary', 'Afghanistan')",165.245.132.168,34050,HTTP,failure
2025-03-25 15:56:11.183590,admin,"('New Michaeltown', 'Latvia')",62.32.21.157,50980,HTTPS,failure
2025-03-25 15:56:14.899800,jake83,"('South Timothybury', 'Kuwait')",197.40.198.55,50372,SSH,failure
2025-03-25 15:56:18.190781,root,"('Ramirezstad', 'Oman')",165.245.132.168,27264,HTTPS,failure
2025-03-25 15:56:18.325613,richardsbrandon,"('Chenborough', 'Aruba')",62.32.21.157,15558,HTTP,failure
2025-03-25 15:56:26.208604,johnsonoscar,"('West Stacie', 'India')",149.62.162.210,5853,HTTP,failure
2025-03-25 15:56:57.208604,daviskimberly,"('Lake Christophermouth', 'United States Virgin Islands')",168.246.238.45,59783,SSH,failure
2025-03-25 15:56:59.834288,kristinaarias,"('East Larryberg', 'Morocco')",132.197.105.92,22219,HTTP,failure
2025-03-25 15:57:00.912450,ruizjason,"('West Sarahland', 'Aruba')",114.105.69.18,48939,SSH,failure
2025-03-25 15:57:04.371354,kcastro,"('Jenniferborough', 'Netherlands')",188.135.128.204,24005,HTTPS,failure
2025-03-25 15:57:06.784246,dgarner,"('North Kristie', 'Montenegro')",168.246.238.45,3439,FTP,failure
2025-03-25 15:57:09.197054,jeff90,"('Lake Bianca', 'French Southern Territories')",132.197.105.92,2905,FTP,failure
2025-03-25 15:57:13.330992,martinezdylan,"('West Shannon', 'Russian Federation')",114.105.69.18,65532,FTP,failure
2025-03-25 15:57:16.083027,sbrown,"('East Linda', 'Swaziland')",188.135.128.204,24035,FTP,failure
2025-03-25 15:57:18.208604,robin21,"('Michaelstad', 'Ghana')",119.104.122.146,35135,FTP,failure
2025-03-25 15:57:19.445996,saundersalexandra,"('South Caleb', 'Singapore')",168.246.238.45,9828,HTTPS,failure
2025-03-25 15:57:23.115680,susandelgado,"('North Valerie', 'Falkland Islands (Malvinas)')",132.197.105.92,39652,SSH,failure
2025-03-25 15:57:31.350429,pmorris,"('Torresville', 'Indonesia')",119.104.122.146,42482,SSH,failure
2025-03-25 15:57:32.616066,yross,"('Ayalahaven', 'Northern Mariana Islands')",119.104.122.146,62094,SSH,failure
2025-03-25 15:57:40.208604,davisjeffrey,"('North Kathyshire', 'Bhutan')",45.108.197.123,20,SSH,failure
2025-03-25 15:57:43.741328,melanienelson,"('New Deborah', 'Nicaragua')",95.136.57.113,47175,HTTP,failure
2025-03-25 15:57:46.543409,lori37,"('Melendezside', 'Colombia')",87.181.28.211,29590,SSH,failure
2025-03-25 15:57:51.468288,haley01,"('South William', 'Burundi')",88.117.168.59,15176,FTP,failure
2025-03-25 15:57:54.700501,megan30,"('Richmouth', 'Comoros')",175.212.231.189,54342,SSH,failure
2025-03-25 15:57:56.933749,jennifermendez,"('Bauerville', 'Greece')",45.108.197.123,1546,HTTPS,failure
2025-03-25 15:57:57.733739,jennifermcneil,"('South Emma', 'Congo')",95.136.57.113,9144,HTTPS,failure
2025-03-25 15:58:01.955464,pattersonjessica,"('Heatherstad', 'Mali')",87.181.28.211,18557,FTP,failure
2025-03-25 15:58:04.910345,hhunter,"('Nathanport', 'Suriname')",88.117.168.59,62318,HTTPS,failure
2025-03-25 15:58:08.131371,ihernandez,"('West Marystad', 'Eritrea')",175.212.231.189,22943,HTTPS,failure
2025-03-25 15:58:31.726891,jgraham,"('Williamshire', 'Lebanon')",119.104.122.146,58219,SSH,failure
2025-03-25 15:58:33.692045,user,"('New Jennifer', 'French Guiana')",119.104.122.146,54006,FTP,failure
2025-03-25 15:58:33.966790,joshuacampbell,"('Mooreberg', 'Lithuania')",119.104.122.146,7684,HTTP,failure
2025-03-25 15:58:37.436249,burnssabrina,"('South Rebeccaville', 'Bhutan')",119.104.122.146,47701,HTTP,failure
2025-03-25 15:58:41.218492,aimee33,"('Garciafurt', 'Chile')",119.104.122.146,12201,HTTPS,failure
2025-03-25 15:58:42.626942,jimenezanthony,"('Hollandberg', 'Cyprus')",119.104.122.146,29727,SSH,failure
2025-03-25 15:59:15.208604,johnsonjames,"('New Derekchester', 'Indonesia')",136.173.179.135,8760,HTTP,failure
2025-03-25 15:59:17.983573,lyonsjason,"('Gibsonburgh', 'Bulgaria')",63.147.109.9,31788,SSH,failure
2025-03-25 15:59:22.047506,curtis17,"('Port Mary', 'Iceland')",141.138.203.11,6488,HTTP,failure
2025-03-25 15:59:24.420779,colinedwards,"('Farrellport', 'Zimbabwe')",125.24.243.219,9594,HTTPS,failure
2025-03-25 15:59:28.887371,admin,"('Smithhaven', 'Indonesia')",136.173.179.135,16115,HTTPS,failure
2025-03-25 15:59:33.690258,sheilacolon,"('South Pamela', 'Solomon Islands')",63.147.109.9,17780,HTTPS,failure
2025-03-25 15:59:35.347105,jessicahayes,"('Marisaburgh', 'Trinidad and Tobago')",141.138.203.11,57569,FTP,failure
2025-03-25 15:59:37.538063,root,"('West Belindaberg', 'Cyprus')",125.24.243.219,6447,HTTPS,failure
2025-03-25 15:59:42.418545,chavezchristy,"('Averyshire', 'Cayman Islands')",136.173.179.135,41474,SSH,failure
2025-03-25 15:59:45.844880,cooperchristopher,"('East Lauren', 'Isle of Man')",63.147.109.9,49561,SSH,failure
2025-03-25 16:01:44.208604,parker28,"('New Jameshaven', 'Bangladesh')",138.175.41.210,20942,HTTP,failure
2025-03-25 16:02:07.208604,caroline38,"('North Dakota', 'Cambodia')",218.164.131.113,56165,HTTPS,failure
2025-03-25 16:02:08.274919,user,"('Port Sarah', 'Panama')",218.164.131.113,6003,HTTP,failure
2025-03-25 16:03:01.208604,scottmanuel,"('Port Rachelborough', 'Kazakhstan')",185.110.3.183,52601,SSH,failure
2025-03-25 16:03:06.145597,gina52,"('Tonyaton', 'Latvia')",88.25.45.8,40430,HTTP,failure
2025-03-25 16:03:07.063423,esmith,"('Lake Kevinborough', 'Argentina')",61.221.223.42,17407,SSH,failure
2025-03-25 16:03:08.379355,danaserrano,"('Russellborough', 'Guinea-Bissau')",185.110.3.183,49441,HTTPS,failure
2025-03-25 16:03:11.680459,katelynweiss,"('Brownport', 'Faroe Islands')",88.25.45.8,65372,HTTP,failure
2025-03-25 16:03:12.807560,admin,"('West Kennethberg', 'Zimbabwe')",61.221.223.42,40081,HTTP,failure
2025-03-25 16:03:17.049425,nelsonhaley,"('Contrerasport', 'Croatia')",185.110.3.183,54450,FTP,failure
2025-03-25 16:03:19.692055,jillian08,"('New Parkerchester', 'Kiribati')",88.25.45.8,27454,FTP,failure
2025-03-25 16:03:24.285988,kimrebecca,"('Port Lisastad', 'Samoa')",61.221.223.42,34115,FTP,failure
2025-03-25 16:03:28.082981,williamsthomas,"('West Josephhaven', 'Albania')",185.110.3.183,15437,HTTPS,failure
2025-03-25 16:03:49.015963,test,"('East Ralph', 'Sudan')",138.175.41.210,44493,FTP,failure
2025-03-25 16:03:58.102490,campbelltammy,"('Port Gina', 'Portugal')",138.175.41.210,31595,HTTP,failure
2025-03-25 16:03:58.313678,jasonfarrell,"('Courtneybury', 'Burundi')",138.175.41.210,64273,SSH,failure
2025-03-25 16:05:13.208604,xharper,"('North John', 'Ghana')",40.213.90.114,6356,FTP,failure
2025-03-25 16:05:42.208604,jonesdonald,"('Morrowhaven', 'Ireland')",17.149.200.94,41014,HTTP,failure
2025-03-25 16:06:14.398118,user,"('South Brandonhaven', 'Israel')",40.213.90.114,41357,SSH,failure
2025-03-25 16:06:22.354749,jason29,"('East David', 'Chile')",40.213.90.114,55259,FTP,failure
2025-03-25 16:06:23.672973,admin,"('Lindsayborough', 'French Southern Territories')",40.213.90.114,64132,SSH,failure
2025-03-25 16:06:25.633420,admin,"('Youngside', 'Timor-Leste')",40.213.90.114,50784,SSH,failure
2025-03-25 16:06:40.208604,test,"('Port Kristin', 'Iran')",150.201.249.144,57991,FTP,failure
2025-03-25 16:06:47.208604,sosapatrick,"('Destinyville', 'Syrian Arab Republic')",178.24.27.195,37442,SSH,failure
2025-03-25 16:07:45.192587,melissa83,"('Davidshire', 'Antigua and Barbuda')",178.24.27.195,25905,HTTPS,failure
2025-03-25 16:07:51.223514,xjensen,"('Scottmouth', 'Chad')",17.149.200.94,62958,HTTPS,failure
2025-03-25 16:07:55.872569,user,"('Rodriguezland', 'Georgia')",17.149.200.94,32069,HTTP,failure
2025-03-25 16:07:57.713498,cynthiagarza,"('Christianville', 'United Arab Emirates')",17.149.200.94,63605,FTP,failure
2025-03-25 16:08:21.755149,richardscharles,"('East David', 'Montenegro')",17.149.200.94,17040,HTTP,failure
2025-03-25 16:08:32.208604,cynthialong,"('South Gregoryburgh', 'Morocco')",155.49.245.47,21584,HTTPS,failure
2025-03-25 16:08:36.580251,admin,"('Allisonfort', 'Saint Lucia')",95.214.236.166,2386,FTP,failure
2025-03-25 16:08:41.505549,root,"('Lake Brenda', ""Cote d'Ivoire"")",110.144.117.218,29587,FTP,failure
2025-03-25 16:08:42.278298,pcopeland,"('Lake James', 'British Virgin Islands')",155.49.245.47,33873,HTTP,failure
2025-03-25 16:08:45.141278,jessedavis,"('Port Jenniferport', 'Greece')",95.214.236.166,5054,FTP,failure
2025-03-25 16:08:48.948016,admin,"('Johnsonmouth', 'Chile')",110.144.117.218,26419,FTP,failure
2025-03-25 16:08:49.601410,david04,"('Aprilshire', 'Haiti')",155.49.245.47,16961,HTTPS,failure
2025-03-25 16:08:53.991450,bowmanronnie,"('North Juliefurt', 'Chile')",95.214.236.166,11729,FTP,failure
2025-03-25 16:08:55.443848,jason45,"('Port Lauren', 'Rwanda')",110.144.117.218,56007,HTTP,failure
2025-03-25 16:08:58.504524,jacksonbrandon,"('Popeville', 'Christmas Island')",155.49.245.47,21912,HTTP,failure
2025-03-25 16:09:38.208604,mitchell31,"('Salazarmouth', 'Taiwan')",122.232.225.236,40726,FTP,failure
2025-03-25 16:09:51.940559,ffields,"('Lake Terrence', 'Cuba')",122.232.225.236,55317,FTP,failure
2025-03-25 16:09:52.166996,hendersonlaura,"('Allisonside', 'Botswana')",122.232.225.236,32495,SSH,failure
2025-03-25 16:10:19.208604,root,"('East Kenneth', 'Nepal')",122.126.210.19,14765,FTP,failure
2025-03-25 16:10:24.115457,rebekah85,"('Lynnborough', 'Belarus')",196.222.210.185,26808,SSH,failure
2025-03-25 16:10:24.914152,tammy67,"('East Jamesshire', 'Macao')",16.55.184.39,2969,SSH,failure
2025-03-25 16:10:26.134585,asimpson,"('Sextonside', 'Mauritania')",23.129.153.88,50803,SSH,failure
2025-03-25 16:10:30.371182,melaniejohnson,"('West Teresa', 'Colombia')",115.41.240.111,58242,FTP,failure
2025-03-25 16:10:35.354971,lisalee,"('East Jerryberg', 'New Caledonia')",122.126.210.19,45169,FTP,failure
2025-03-25 16:10:37.896972,perezkathy,"('Barnesbury', 'Tuvalu')",196.222.210.185,40306,SSH,failure
2025-03-25 16:10:40.289673,rsmith,"('Christopherberg', 'Albania')",16.55.184.39,16272,SSH,failure
2025-03-25 16:10:44.229853,amanda18,"('Thomasfurt', 'Vanuatu')",23.129.153.88,63157,FTP,failure
2025-03-25 16:10:46.232813,admin,"('Phillipsside', 'Singapore')",115.41.240.111,57151,HTTP,failure
2025-03-25 16:11:01.208604,alyssablack,"('Cruzbury', 'Cayman Islands')",219.160.54.174,7074,HTTP,failure
2025-03-25 16:11:03.069182,elizabethyoung,"('Bellburgh', 'Niger')",8.8.207.133,864,HTTP,failure
2025-03-25 16:11:04.195477,annmckinney,"('Nathanview', 'Barbados')",163.177.84.94,2158,HTTPS,failure
2025-03-25 16:11:06.208604,mary28,"('Simonbury', 'Nepal')",92.98.134.45,13151,FTP,failure
2025-03-25 16:11:06.947756,kimberly16,"('Millerland', 'Kenya')",92.98.134.45,52872,HTTP,failure
2025-03-25 16:11:08.351897,nhenderson,"('North Gary', 'Switzerland')",40.23.125.228,41176,FTP,failure
2025-03-25 16:11:08.733571,harrisonthomas,"('West Stanley', 'Anguilla')",148.63.139.109,49076,SSH,failure
2025-03-25 16:11:10.514039,alicia56,"('South Shannon', 'Nigeria')",219.160.54.174,45,FTP,failure
2025-03-25 16:11:13.740175,grahamtyler,"('Danielleton', 'Saint Lucia')",8.8.207.133,49680,SSH,failure
2025-03-25 16:11:15.442206,awalsh,"('Johnsonland', 'Dominican Republic')",163.177.84.94,19439,HTTP,failure
2025-03-25 16:11:18.850636,ykim,"('South Amberview', 'Poland')",40.23.125.228,49519,FTP,failure
2025-03-25 16:11:22.184126,chadwarren,"('Andreafort', 'El Salvador')",148.63.139.109,38610,HTTPS,failure
